{
  "project_info": {
    "project_number": "1055796504991",
    "project_id": "discountaudio",
    "storage_bucket": "discountaudio.appspot.com"
  },
  "client": [
    {
      "client_info": {
        "mobilesdk_app_id": "1:1055796504991:android:b631a8d2ff5f70e01275aa",
        "android_client_info": {
          "package_name": "com.example.bmzitsolutions"
        }
      },
      "oauth_client": [
        {
          "client_id": "1055796504991-f865npc1enovju2ae3elg04k1fthj6mv.apps.googleusercontent.com",
          "client_type": 3
        }
      ],
      "api_key": [
        {
          "current_key": "AIzaSyB8NoO2tsPdg1wjcw3TJefacXnyfBZWTnk"
        }
      ],
      "services": {
        "appinvite_service": {
          "other_platform_oauth_client": [
            {
              "client_id": "1055796504991-f865npc1enovju2ae3elg04k1fthj6mv.apps.googleusercontent.com",
              "client_type": 3
            }
          ]
        }
      }
    }
  ],
  "configuration_version": "1"
}